countrycode,language,isofficial,percentage
AFG,Pashto,True,52.4
NLD,Dutch,True,95.6
ANT,Papiamento,True,86.2
ALB,Albaniana,True,97.9
DZA,Arabic,True,86.0
ASM,Samoan,True,90.6
AND,Spanish,False,44.6
AGO,Ovimbundu,False,37.2
AIA,English,True,0.0
ATG,Creole English,False,95.7
ARE,Arabic,True,42.0
ARG,Spanish,True,96.8
ARM,Armenian,True,93.4
ABW,Papiamento,False,76.7
AUS,English,True,81.2
AZE,Azerbaijani,True,89.0
BHS,Creole English,False,89.7
BHR,Arabic,True,67.7
BGD,Bengali,True,97.7
BRB,Bajan,False,95.1
BEL,Dutch,True,59.2
BLZ,English,True,50.8
BEN,Fon,False,39.8
BMU,English,True,100.0
BTN,Dzongkha,True,50.0
BOL,Spanish,True,87.7
BIH,Serbo-Croatian,True,99.2
BWA,Tswana,False,75.5
BRA,Portuguese,True,97.5
GBR,English,True,97.3
VGB,English,True,0.0
BRN,Malay,True,45.5
BGR,Bulgariana,True,83.2
BFA,Mossi,False,50.2
BDI,Kirundi,True,98.1
CYM,English,True,0.0
CHL,Spanish,True,89.7
COK,Maori,True,0.0
CRI,Spanish,True,97.5
DJI,Somali,False,43.9
DMA,Creole English,False,100.0
DOM,Spanish,True,98.0
ECU,Spanish,True,93.0
EGY,Arabic,True,98.8
SLV,Spanish,True,100.0
ERI,Tigrinja,True,49.1
ESP,Spanish,True,74.4
ZAF,Zulu,True,22.7
ETH,Oromo,False,31.0
FLK,English,True,0.0
FJI,Fijian,True,50.8
PHL,Pilipino,True,29.3
FRO,Faroese,True,100.0
GAB,Fang,False,35.8
GMB,Malinke,False,34.1
GEO,Georgiana,True,71.7
GHA,Akan,False,52.4
GIB,English,True,88.9
GRD,Creole English,False,100.0
GRL,Greenlandic,True,87.5
GLP,Creole French,False,95.0
GUM,English,True,37.5
GTM,Spanish,True,64.7
GIN,Ful,False,38.6
GNB,Crioulo,False,36.4
GUY,Creole English,False,96.4
HTI,Haiti Creole,False,100.0
HND,Spanish,True,97.2
HKG,Canton Chinese,False,88.7
SJM,Norwegian,True,0.0
IDN,Javanese,False,39.4
IND,Hindi,True,39.9
IRQ,Arabic,True,77.2
IRN,Persian,True,45.7
IRL,English,True,98.4
ISL,Icelandic,True,95.7
ISR,Hebrew,True,63.1
ITA,Italian,True,94.1
TMP,Sunda,False,0.0
AUT,German,True,92.0
JAM,Creole English,False,94.2
JPN,Japanese,True,99.1
YEM,Arabic,True,99.6
JOR,Arabic,True,97.9
CXR,Chinese,False,0.0
YUG,Serbo-Croatian,True,75.2
KHM,Khmer,True,88.6
CMR,Fang,False,19.7
CAN,English,True,60.4
CPV,Crioulo,False,100.0
KAZ,Kazakh,True,46.0
KEN,Kikuyu,False,20.9
CAF,Gbaya,False,23.8
CHN,Chinese,True,92.0
KGZ,Kirgiz,True,59.7
KIR,Kiribati,True,98.9
COL,Spanish,True,99.0
COM,Comorian,True,75.0
COG,Kongo,False,51.5
COD,Luba,False,18.0
CCK,Malay,False,0.0
PRK,Korean,True,99.9
KOR,Korean,True,99.9
GRC,Greek,True,98.5
HRV,Serbo-Croatian,True,95.9
CUB,Spanish,True,100.0
KWT,Arabic,True,78.1
CYP,Greek,True,74.1
LAO,Lao,True,67.2
LVA,Latvian,True,55.1
LSO,Sotho,True,85.0
LBN,Arabic,True,93.0
LBR,Kpelle,False,19.5
LBY,Arabic,True,96.0
LIE,German,True,89.0
LTU,Lithuanian,True,81.6
LUX,Luxembourgish,True,64.4
ESH,Arabic,True,100.0
MAC,Canton Chinese,False,85.6
MDG,Malagasy,True,98.9
MKD,Macedonian,True,66.5
MWI,Chichewa,True,58.3
MDV,Dhivehi,True,100.0
MYS,Malay,True,58.4
MLI,Bambara,False,31.8
MLT,Maltese,True,95.8
MAR,Arabic,True,65.0
MHL,Marshallese,True,96.8
MTQ,Creole French,False,96.6
MRT,Hassaniya,False,81.7
MUS,Creole French,False,70.6
MYT,Mahoré,False,41.9
MEX,Spanish,True,92.1
FSM,Trukese,False,41.6
MDA,Romanian,True,61.9
MCO,French,True,41.9
MNG,Mongolian,True,78.8
MSR,English,True,0.0
MOZ,Makua,False,27.8
MMR,Burmese,True,69.0
NAM,Ovambo,False,50.7
NRU,Nauru,True,57.5
NPL,Nepali,True,50.4
NIC,Spanish,True,97.6
NER,Hausa,False,53.1
NGA,Joruba,False,21.4
NIU,Niue,False,0.0
NFK,English,True,0.0
NOR,Norwegian,True,96.6
CIV,Akan,False,30.0
OMN,Arabic,True,76.7
PAK,Punjabi,False,48.2
PLW,Palau,True,82.2
PAN,Spanish,True,76.8
PNG,Papuan Languages,False,78.1
PRY,Spanish,True,55.1
PER,Spanish,True,79.8
PCN,Pitcairnese,False,0.0
MNP,Philippene Languages,False,34.1
PRT,Portuguese,True,99.0
PRI,Spanish,True,51.3
POL,Polish,True,97.6
GNQ,Fang,False,84.8
QAT,Arabic,True,40.7
FRA,French,True,93.6
GUF,Creole French,False,94.3
PYF,Tahitian,False,46.4
REU,Creole French,False,91.5
ROM,Romanian,True,90.7
RWA,Rwanda,True,100.0
SWE,Swedish,True,89.5
SHN,English,True,0.0
KNA,Creole English,False,100.0
LCA,Creole French,False,80.0
VCT,Creole English,False,99.1
SPM,French,True,0.0
DEU,German,True,91.3
SLB,Malenasian Languages,False,85.6
ZMB,Bemba,False,29.7
WSM,Samoan-English,False,52.0
SMR,Italian,True,100.0
STP,Crioulo,False,86.3
SAU,Arabic,True,95.0
SEN,Wolof,True,48.1
SYC,Seselwa,False,91.3
SLE,Mende,False,34.8
SGP,Chinese,True,77.1
SVK,Slovak,True,85.6
SVN,Slovene,True,87.9
SOM,Somali,True,98.3
LKA,Singali,True,60.3
SDN,Arabic,True,49.4
FIN,Finnish,True,92.7
SUR,Sranantonga,False,81.0
SWZ,Swazi,True,89.9
CHE,German,True,63.6
SYR,Arabic,True,90.0
TJK,Tadzhik,True,62.2
TWN,Min,False,66.7
TZA,Nyamwesi,False,21.1
DNK,Danish,True,93.5
THA,Thai,True,52.6
TGO,Ewe,True,23.2
TKL,Tokelau,False,0.0
TON,Tongan,True,98.3
TTO,English,False,93.5
TCD,Sara,False,27.7
CZE,Czech,True,81.2
TUN,Arabic,True,69.9
TUR,Turkish,True,87.6
TKM,Turkmenian,True,76.7
TCA,English,True,0.0
TUV,Tuvalu,True,92.5
UGA,Ganda,False,18.1
UKR,Ukrainian,True,64.7
HUN,Hungarian,True,98.5
URY,Spanish,True,95.7
NCL,Malenasian Languages,False,45.4
NZL,English,True,87.0
UZB,Uzbek,True,72.6
BLR,Belorussian,True,65.6
WLF,Wallis,False,0.0
VUT,Bislama,True,56.6
VAT,Italian,True,0.0
VEN,Spanish,True,96.9
RUS,Russian,True,86.6
VNM,Vietnamese,True,86.8
EST,Estonian,True,65.3
USA,English,True,86.2
VIR,English,True,81.7
UMI,English,True,0.0
ZWE,Shona,False,72.1
PSE,Arabic,False,95.9
AFG,Dari,True,32.1
NLD,Fries,False,3.7
ANT,English,False,7.8
ALB,Greek,False,1.8
DZA,Berberi,False,14.0
ASM,English,True,3.1
AND,Catalan,True,32.3
AGO,Mbundu,False,21.6
ATG,English,True,0.0
ARE,Hindi,False,0.0
ARG,Italian,False,1.7
ARM,Azerbaijani,False,2.6
ABW,English,False,9.5
AUS,Italian,False,2.2
AZE,Russian,False,3.0
BHS,Creole French,False,10.3
BHR,English,False,0.0
BGD,Chakma,False,0.4
BRB,English,True,0.0
BEL,French,True,32.6
BLZ,Spanish,False,31.6
BEN,Joruba,False,12.2
BTN,Nepali,False,34.8
BOL,Ketua,True,8.1
BWA,Shona,False,12.3
BRA,German,False,0.5
GBR,Kymri,False,0.9
BRN,Malay-English,False,28.8
BGR,Turkish,False,9.4
BFA,Ful,False,9.7
BDI,French,True,0.0
CHL,Araucan,False,9.6
COK,English,False,0.0
CRI,Creole English,False,2.0
DJI,Afar,False,34.8
DMA,Creole French,False,0.0
DOM,Creole French,False,2.0
ECU,Ketua,False,7.0
EGY,Sinaberberi,False,0.0
SLV,Nahua,False,0.0
ERI,Tigre,False,31.7
ESP,Catalan,False,16.9
ZAF,Xhosa,True,17.7
ETH,Amhara,False,30.0
FJI,Hindi,False,43.7
PHL,Cebuano,False,23.3
FRO,Danish,True,0.0
GAB,Punu-sira-nzebi,False,17.1
GMB,Ful,False,16.2
GEO,Russian,False,8.8
GHA,Mossi,False,15.8
GIB,Arabic,False,7.4
GRL,Danish,True,12.5
GLP,French,True,0.0
GUM,Chamorro,True,29.6
GTM,Quiché,False,10.1
GIN,Malinke,False,23.2
GNB,Ful,False,16.6
GUY,Caribbean,False,2.2
HTI,French,True,0.0
HND,Garifuna,False,1.3
HKG,English,True,2.2
SJM,Russian,False,0.0
IDN,Sunda,False,15.8
IND,Bengali,False,8.2
IRQ,Kurdish,False,19.0
IRN,Azerbaijani,False,16.8
IRL,Irish,True,1.6
ISL,English,False,0.0
ISR,Arabic,True,18.0
ITA,Sardinian,False,2.7
TMP,Portuguese,True,0.0
AUT,Serbo-Croatian,False,2.2
JAM,Hindi,False,1.9
JPN,Korean,False,0.5
YEM,Soqutri,False,0.0
JOR,Circassian,False,1.0
CXR,English,True,0.0
YUG,Albaniana,False,16.5
KHM,Vietnamese,False,5.5
CMR,Bamileke-bamum,False,18.6
CAN,French,True,23.4
CPV,Portuguese,True,0.0
KAZ,Russian,False,34.7
KEN,Luhya,False,13.8
CAF,Banda,False,23.5
CHN,Zhuang,False,1.4
KGZ,Russian,True,16.2
KIR,Tuvalu,False,0.5
COL,Chibcha,False,0.4
COM,Comorian-French,False,12.9
COG,Teke,False,17.3
COD,Kongo,False,16.0
CCK,English,True,0.0
PRK,Chinese,False,0.1
KOR,Chinese,False,0.1
GRC,Turkish,False,0.9
HRV,Slovene,False,0.0
KWT,English,False,0.0
CYP,Turkish,True,22.4
LAO,Mon-khmer,False,16.5
LVA,Russian,False,32.5
LSO,Zulu,False,15.0
LBN,Armenian,False,5.9
LBR,Bassa,False,13.7
LBY,Berberi,False,1.0
LIE,Italian,False,2.5
LTU,Russian,False,8.1
LUX,Portuguese,False,13.0
MAC,Portuguese,True,2.3
MDG,French,True,0.0
MKD,Albaniana,False,22.9
MWI,Lomwe,False,18.4
MDV,English,False,0.0
MYS,Chinese,False,9.0
MLI,Ful,False,13.9
MLT,English,True,2.1
MAR,Berberi,False,33.0
MHL,English,True,0.0
MTQ,French,True,0.0
MRT,Wolof,False,6.6
MUS,Bhojpuri,False,21.1
MYT,French,True,20.3
MEX,Náhuatl,False,1.8
FSM,Pohnpei,False,23.8
MDA,Russian,False,23.2
MCO,Monegasque,False,16.1
MNG,Kazakh,False,5.9
MOZ,Tsonga,False,12.4
MMR,Shan,False,8.5
NAM,Nama,False,12.4
NRU,Kiribati,False,17.9
NPL,Maithili,False,11.9
NIC,Miskito,False,1.6
NER,Songhai-zerma,False,21.2
NGA,Hausa,False,21.1
NIU,English,True,0.0
NOR,English,False,0.5
CIV,Gur,False,11.7
OMN,Balochi,False,0.0
PAK,Pashto,False,13.1
PLW,Philippene Languages,False,9.2
PAN,Creole English,False,14.0
PNG,Malenasian Languages,False,20.0
PRY,Guaraní,True,40.1
PER,Ketua,True,16.4
MNP,Chamorro,False,30.0
PRI,English,False,47.4
POL,German,False,1.3
GNQ,Bubi,False,8.7
QAT,Urdu,False,0.0
FRA,Arabic,False,2.5
GUF,Indian Languages,False,1.9
PYF,French,True,40.8
REU,Chinese,False,2.8
ROM,Hungarian,False,7.2
RWA,French,True,0.0
SWE,Finnish,False,2.4
KNA,English,True,0.0
LCA,English,True,20.0
VCT,English,True,0.0
DEU,Turkish,False,2.6
SLB,Papuan Languages,False,8.6
ZMB,Tongan,False,11.0
WSM,Samoan,True,47.5
STP,French,False,0.7
SEN,Ful,False,21.7
SYC,English,True,3.8
SLE,Temne,False,31.8
SGP,Malay,True,14.1
SVK,Hungarian,False,10.5
SVN,Serbo-Croatian,False,7.9
SOM,Arabic,True,0.0
LKA,Tamil,True,19.6
SDN,Dinka,False,11.5
FIN,Swedish,True,5.7
SUR,Hindi,False,0.0
SWZ,Zulu,False,2.0
CHE,French,True,19.2
SYR,Kurdish,False,9.0
TJK,Uzbek,False,23.2
TWN,Mandarin Chinese,True,20.1
TZA,Swahili,True,8.8
DNK,Turkish,False,0.8
THA,Lao,False,26.9
TGO,Kabyé,True,13.8
TKL,English,True,0.0
TON,English,True,0.0
TTO,Hindi,False,3.4
TCD,Arabic,True,12.3
CZE,Moravian,False,12.9
TUN,Arabic-French,False,26.3
TUR,Kurdish,False,10.6
TKM,Uzbek,False,9.2
TUV,Kiribati,False,7.5
UGA,Nkole,False,10.7
UKR,Russian,False,32.9
HUN,Romani,False,0.5
NCL,French,True,34.3
NZL,Maori,False,4.3
UZB,Russian,False,10.9
BLR,Russian,True,32.0
WLF,Futuna,False,0.0
VUT,English,True,28.3
VEN,Goajiro,False,0.4
RUS,Tatar,False,3.2
VNM,Tho,False,1.8
EST,Russian,False,27.8
USA,Spanish,False,7.5
VIR,Spanish,False,13.3
ZWE,Ndebele,False,16.2
PSE,Hebrew,False,4.1
AFG,Uzbek,False,8.8
NLD,Arabic,False,0.9
ANT,Dutch,True,0.0
ALB,Macedonian,False,0.1
ASM,Tongan,False,3.1
AND,Portuguese,False,10.8
AGO,Kongo,False,13.2
ARG,Indian Languages,False,0.3
ABW,Spanish,False,7.4
AUS,Greek,False,1.6
AZE,Lezgian,False,2.3
BGD,Marma,False,0.2
BEL,Italian,False,2.4
BLZ,Maya Languages,False,9.6
BEN,Adja,False,11.1
BTN,Asami,False,15.2
BOL,Aimará,True,3.2
BWA,San,False,3.5
BRA,Italian,False,0.4
GBR,Gaeli,False,0.1
BRN,Chinese,False,9.3
BGR,Romani,False,3.7
BFA,Gurma,False,5.7
BDI,Swahili,False,0.0
CHL,Aimará,False,0.5
CRI,Chibcha,False,0.3
DJI,Arabic,True,10.6
ERI,Afar,False,4.3
ESP,Galecian,False,6.4
ZAF,Afrikaans,True,14.3
ETH,Tigrinja,False,7.2
PHL,Ilocano,False,9.3
GAB,Mpongwe,False,14.6
GMB,Wolof,False,12.6
GEO,Armenian,False,6.8
GHA,Ewe,False,11.9
GUM,Philippene Languages,False,19.7
GTM,Cakchiquel,False,8.9
GIN,Susu,False,11.0
GNB,Balante,False,14.6
GUY,Arawakan,False,1.4
HND,Creole English,False,0.2
HKG,Fukien,False,1.9
IDN,Malay,True,12.1
IND,Telugu,False,7.8
IRQ,Azerbaijani,False,1.7
IRN,Kurdish,False,9.1
ISR,Russian,False,8.9
ITA,Friuli,False,1.2
AUT,Turkish,False,1.5
JPN,Chinese,False,0.2
JOR,Armenian,False,1.0
YUG,Hungarian,False,3.4
KHM,Chinese,False,3.1
CMR,Duala,False,10.9
CAN,Chinese,False,2.5
KAZ,Ukrainian,False,5.0
KEN,Luo,False,12.8
CAF,Mandjia,False,14.8
CHN,Mantu,False,0.9
KGZ,Uzbek,False,14.1
COL,Creole English,False,0.1
COM,Comorian-madagassi,False,5.5
COG,Mboshi,False,11.4
COD,Mongo,False,13.5
LAO,Thai,False,7.8
LVA,Belorussian,False,4.1
LSO,English,True,0.0
LBN,French,False,0.0
LBR,Grebo,False,8.9
LIE,Turkish,False,2.5
LTU,Polish,False,7.0
LUX,Italian,False,4.6
MAC,Mandarin Chinese,False,1.2
MKD,Turkish,False,4.0
MWI,Yao,False,13.2
MYS,Tamil,False,3.9
MLI,Senufo and Minianka,False,12.0
MRT,Tukulor,False,5.4
MUS,French,False,3.4
MYT,Malagasy,False,16.1
MEX,Yucatec,False,1.1
FSM,Mortlock,False,7.6
MDA,Ukrainian,False,8.6
MCO,Italian,False,16.1
MNG,Dorbet,False,2.7
MOZ,Sena,False,9.4
MMR,Karen,False,6.2
NAM,Kavango,False,9.7
NRU,Chinese,False,8.5
NPL,Bhojpuri,False,7.5
NIC,Creole English,False,0.5
NER,Tamashek,False,10.4
NGA,Ibo,False,18.1
NOR,Danish,False,0.4
CIV,Malinke,False,11.4
PAK,Sindhi,False,11.8
PLW,English,True,3.2
PAN,Guaymí,False,5.3
PRY,Portuguese,False,3.2
PER,Aimará,True,2.3
MNP,Chinese,False,7.1
POL,Ukrainian,False,0.6
FRA,Portuguese,False,1.2
PYF,Chinese,False,2.9
REU,Comorian,False,2.8
ROM,Romani,True,0.7
SWE,Southern Slavic Languages,False,1.3
DEU,Southern Slavic Languages,False,1.4
SLB,Polynesian Languages,False,3.8
ZMB,Nyanja,False,7.8
WSM,English,True,0.6
SEN,Serer,False,12.5
SYC,French,True,1.3
SLE,Limba,False,8.3
SGP,Tamil,True,7.4
SVK,Romani,False,1.7
SVN,Hungarian,False,0.5
LKA,Mixed Languages,False,19.6
SDN,Nubian Languages,False,8.1
FIN,Russian,False,0.4
CHE,Italian,True,7.7
TJK,Russian,False,9.7
TWN,Hakka,False,11.0
TZA,Hehet,False,6.9
DNK,Arabic,False,0.7
THA,Chinese,False,12.1
TGO,Watyi,False,10.3
TTO,Creole English,False,2.9
TCD,Mayo-kebbi,False,11.5
CZE,Slovak,False,3.1
TUN,Arabic-French-English,False,3.2
TUR,Arabic,False,1.4
TKM,Russian,False,6.7
TUV,English,True,0.0
UGA,Kiga,False,8.3
UKR,Romanian,False,0.7
HUN,German,False,0.4
NCL,Polynesian Languages,False,11.6
UZB,Tadzhik,False,4.4
BLR,Ukrainian,False,1.3
VUT,French,True,14.2
VEN,Warrau,False,0.1
RUS,Ukrainian,False,1.3
VNM,Thai,False,1.6
EST,Ukrainian,False,2.8
USA,French,False,0.7
VIR,French,False,2.5
ZWE,English,True,2.2
AFG,Turkmenian,False,1.9
NLD,Turkish,False,0.8
AND,French,False,6.2
AGO,Luimbe-nganguela,False,5.4
ABW,Dutch,True,5.3
AUS,Canton Chinese,False,1.1
AZE,Armenian,False,2.0
BGD,Garo,False,0.1
BEL,Arabic,False,1.6
BLZ,Garifuna,False,6.8
BEN,Aizo,False,8.7
BOL,Guaraní,False,0.1
BWA,Khoekhoe,False,2.5
BRA,Japanese,False,0.4
BRN,English,False,3.1
BGR,Macedonian,False,2.6
BFA,Busansi,False,3.5
CHL,Rapa nui,False,0.2
CRI,Chinese,False,0.2
ERI,Hadareb,False,3.8
ESP,Basque,False,1.6
ZAF,Northsotho,False,9.1
ETH,Gurage,False,4.7
PHL,Hiligaynon,False,9.1
GAB,Mbete,False,13.8
GMB,Diola,False,9.2
GEO,Azerbaijani,False,5.5
GHA,Ga-adangme,False,7.8
GUM,Korean,False,3.3
GTM,Kekchí,False,4.9
GIN,Kissi,False,6.0
GNB,Portuguese,True,8.1
HND,Miskito,False,0.2
HKG,Hakka,False,1.6
IDN,Madura,False,4.3
IND,Marathi,False,7.4
IRQ,Assyrian,False,0.8
IRN,Gilaki,False,5.3
ITA,French,False,0.5
AUT,Hungarian,False,0.4
JPN,English,False,0.1
YUG,Romani,False,1.4
KHM,Tam,False,2.4
CMR,Ful,False,9.6
CAN,Italian,False,1.7
KAZ,German,False,3.1
KEN,Kamba,False,11.2
CAF,Ngbaka,False,7.5
CHN,Hui,False,0.8
KGZ,Ukrainian,False,1.7
COL,Arawakan,False,0.1
COM,Comorian-Arabic,False,1.6
COG,Mbete,False,4.8
COD,Rwanda,False,10.3
LAO,Lao-Soung,False,5.2
LVA,Ukrainian,False,2.9
LBR,Gio,False,7.9
LTU,Belorussian,False,1.4
LUX,French,True,4.2
MAC,English,False,0.5
MKD,Romani,False,2.3
MWI,Ngoni,False,6.7
MYS,Iban,False,2.8
MLI,Soninke,False,8.7
MRT,Soninke,False,2.7
MUS,Hindi,False,1.2
MEX,Zapotec,False,0.6
FSM,Kosrean,False,7.3
MDA,Gagauzi,False,3.2
MCO,English,False,6.5
MNG,Bajad,False,1.9
MOZ,Lomwe,False,7.8
MMR,Rakhine,False,4.5
NAM,Afrikaans,False,9.5
NRU,Tuvalu,False,8.5
NPL,Tharu,False,5.4
NIC,Sumo,False,0.2
NER,Ful,False,9.7
NGA,Ful,False,11.3
NOR,Swedish,False,0.3
CIV,Kru,False,10.5
PAK,Saraiki,False,9.8
PLW,Chinese,False,1.6
PAN,Cuna,False,2.0
PRY,German,False,0.9
MNP,Korean,False,6.5
POL,Belorussian,False,0.5
FRA,Italian,False,0.4
REU,Malagasy,False,1.4
ROM,German,False,0.4
SWE,Arabic,False,0.8
DEU,Italian,False,0.7
ZMB,Lozi,False,6.4
SEN,Diola,False,5.0
SLE,Kono-vai,False,5.1
SVK,Czech and Moravian,False,1.1
SDN,Beja,False,6.4
FIN,Estonian,False,0.2
CHE,Romansh,True,0.6
TWN,Ami,False,0.6
TZA,Haya,False,5.9
DNK,German,False,0.5
THA,Malay,False,3.6
TGO,Kotokoli,False,5.7
TCD,Kanem-bornu,False,9.0
CZE,Polish,False,0.6
TKM,Kazakh,False,2.0
UGA,Soga,False,8.2
UKR,Bulgariana,False,0.3
HUN,Serbo-Croatian,False,0.2
UZB,Kazakh,False,3.8
BLR,Polish,False,0.6
RUS,Chuvash,False,0.9
VNM,Muong,False,1.5
EST,Belorussian,False,1.4
USA,German,False,0.7
ZWE,Nyanja,False,2.2
AFG,Balochi,False,0.9
AGO,Nyaneka-nkhumbi,False,5.4
AUS,Arabic,False,1.0
BGD,Khasi,False,0.1
BEL,German,True,1.0
BEN,Bariba,False,8.7
BWA,Ndebele,False,1.3
BRA,Indian Languages,False,0.2
BFA,Dagara,False,3.1
ERI,Bilin,False,3.0
ZAF,English,True,8.5
ETH,Somali,False,4.1
PHL,Bicol,False,5.7
GMB,Soninke,False,7.6
GEO,Osseetti,False,2.4
GHA,Gurma,False,3.3
GUM,Japanese,False,2.0
GTM,Mam,False,2.7
GIN,Kpelle,False,4.6
GNB,Malinke,False,6.9
HKG,Chiu chau,False,1.4
IDN,Minangkabau,False,2.4
IND,Tamil,False,6.3
IRQ,Persian,False,0.8
IRN,Luri,False,4.3
ITA,German,False,0.5
AUT,Slovene,False,0.4
JPN,Philippene Languages,False,0.1
YUG,Slovak,False,0.7
CMR,Tikar,False,7.4
CAN,German,False,1.6
KAZ,Uzbek,False,2.3
KEN,Kalenjin,False,10.8
CAF,Sara,False,6.4
CHN,Miao,False,0.7
KGZ,Tatar,False,1.3
COL,Caribbean,False,0.1
COM,Comorian-Swahili,False,0.5
COG,Punu,False,2.9
COD,Zande,False,6.1
LVA,Polish,False,2.1
LBR,Kru,False,7.2
LTU,Ukrainian,False,1.1
LUX,German,True,2.3
MKD,Serbo-Croatian,False,2.0
MYS,English,False,1.6
MLI,Tamashek,False,7.3
MRT,Ful,False,1.2
MUS,Tamil,False,0.8
MEX,Mixtec,False,0.6
FSM,Yap,False,5.8
MDA,Bulgariana,False,1.6
MNG,Buryat,False,1.7
MOZ,Shona,False,6.5
MMR,Mon,False,2.4
NAM,Herero,False,8.0
NRU,English,True,7.5
NPL,Tamang,False,4.9
NER,Kanuri,False,4.4
NGA,Ibibio,False,5.6
NOR,Saame,False,0.0
CIV,[South]Mande,False,7.7
PAK,Urdu,True,7.6
PAN,Embera,False,0.6
MNP,English,True,4.8
FRA,Spanish,False,0.4
REU,Tamil,False,0.0
ROM,Ukrainian,False,0.3
SWE,Spanish,False,0.6
DEU,Greek,False,0.4
ZMB,Chewa,False,5.7
SEN,Malinke,False,3.8
SLE,Bullom-sherbro,False,3.8
SVK,Ukrainian and Russian,False,0.6
SDN,Nuer,False,4.9
FIN,Saame,False,0.0
TWN,Atayal,False,0.4
TZA,Makonde,False,5.9
DNK,English,False,0.3
THA,Khmer,False,1.3
TGO,Ane,False,5.7
TCD,Ouaddai,False,8.7
CZE,German,False,0.5
UGA,Teso,False,6.0
UKR,Hungarian,False,0.3
HUN,Romanian,False,0.1
UZB,Karakalpak,False,2.0
RUS,Bashkir,False,0.7
VNM,Chinese,False,1.4
EST,Finnish,False,0.7
USA,Italian,False,0.6
AGO,Chokwe,False,4.2
AUS,Vietnamese,False,0.8
BGD,Santhali,False,0.1
BEL,Turkish,False,0.9
BEN,Somba,False,6.7
BFA,Dyula,False,2.6
ERI,Saho,False,3.0
ZAF,Tswana,False,8.1
ETH,Sidamo,False,3.2
PHL,Waray-waray,False,3.8
GEO,Abhyasi,False,1.7
GHA,Joruba,False,1.3
GIN,Yalunka,False,2.9
GNB,Mandyako,False,4.9
IDN,Batakki,False,2.2
IND,Urdu,False,5.1
IRN,Mazandarani,False,3.6
ITA,Albaniana,False,0.2
AUT,Polish,False,0.2
JPN,Ainu,False,0.0
YUG,Macedonian,False,0.5
CMR,Mandara,False,5.7
CAN,Polish,False,0.7
KAZ,Tatar,False,2.0
KEN,Gusii,False,6.1
CAF,Mbum,False,6.4
CHN,Uighur,False,0.6
KGZ,Kazakh,False,0.8
COG,Sango,False,2.6
COD,Ngala and Bangi,False,5.8
LVA,Lithuanian,False,1.2
LBR,Mano,False,7.2
MYS,Dusun,False,1.1
MLI,Songhai,False,6.9
MRT,Zenaga,False,1.2
MUS,Marathi,False,0.7
MEX,Otomí,False,0.4
FSM,Wolea,False,3.7
MNG,Dariganga,False,1.4
MOZ,Tswa,False,6.0
MMR,Chin,False,2.2
NAM,Caprivi,False,4.7
NPL,Newari,False,3.7
NGA,Kanuri,False,4.1
PAK,Balochi,False,3.0
PAN,Arabic,False,0.6
MNP,Carolinian,False,4.8
FRA,Turkish,False,0.4
ROM,Serbo-Croatian,False,0.1
SWE,Norwegian,False,0.5
DEU,Polish,False,0.3
ZMB,Nsenga,False,4.3
SEN,Soninke,False,1.3
SLE,Ful,False,3.8
SDN,Zande,False,2.7
TWN,Paiwan,False,0.3
TZA,Nyakusa,False,5.4
DNK,Swedish,False,0.3
THA,Kuy,False,1.1
TGO,Moba,False,5.4
TCD,Hadjarai,False,6.7
CZE,Silesiana,False,0.4
UGA,Lango,False,5.9
UKR,Belorussian,False,0.3
HUN,Slovak,False,0.1
UZB,Tatar,False,1.8
RUS,Chechen,False,0.6
VNM,Khmer,False,1.4
USA,Chinese,False,0.6
AGO,Luvale,False,3.6
AUS,Serbo-Croatian,False,0.6
BGD,Tripuri,False,0.1
BEN,Ful,False,5.6
ZAF,Southsotho,False,7.6
ETH,Walaita,False,2.8
PHL,Pampango,False,3.0
GIN,Loma,False,2.3
IDN,Bugi,False,2.2
IND,Gujarati,False,4.8
IRN,Balochi,False,2.3
ITA,Slovene,False,0.2
AUT,Czech,False,0.2
CMR,Maka,False,4.9
CAN,Spanish,False,0.7
KEN,Meru,False,5.5
CHN,Yi,False,0.6
KGZ,Tadzhik,False,0.8
COD,Rundi,False,3.8
LBR,Loma,False,5.8
MOZ,Chuabo,False,5.7
MMR,Kachin,False,1.4
NAM,San,False,1.9
NPL,Hindi,False,3.0
NGA,Edo,False,3.3
PAK,Hindko,False,2.4
SLE,Kuranko,False,3.4
SDN,Bari,False,2.5
TZA,Chaga and Pare,False,4.9
DNK,Norwegian,False,0.3
TGO,Naudemba,False,4.1
TCD,Tandjile,False,6.5
CZE,Romani,False,0.3
UGA,Lugbara,False,4.7
UKR,Polish,False,0.1
RUS,Mordva,False,0.5
VNM,Nung,False,1.1
USA,Tagalog,False,0.4
AGO,Ambo,False,2.4
AUS,German,False,0.6
ZAF,Tsonga,False,4.3
PHL,Pangasinan,False,1.8
IDN,Banja,False,1.8
IND,Kannada,False,3.9
IRN,Arabic,False,2.2
ITA,Romani,False,0.2
AUT,Romanian,False,0.2
CMR,Masana,False,3.9
CAN,Portuguese,False,0.7
KEN,Nyika,False,4.8
CHN,Tujia,False,0.5
COD,Teke,False,2.7
LBR,Malinke,False,5.1
MOZ,Ronga,False,3.7
MMR,Kayah,False,0.4
NAM,German,False,0.9
NGA,Tiv,False,2.3
PAK,Brahui,False,1.2
SLE,Yalunka,False,3.4
SDN,Fur,False,2.1
TZA,Luguru,False,4.9
TGO,Gurma,False,3.4
TCD,Gorane,False,6.2
CZE,Hungarian,False,0.2
UGA,Gisu,False,4.5
RUS,Kazakh,False,0.4
VNM,Miao,False,0.9
USA,Polish,False,0.3
AGO,Luchazi,False,2.4
ZAF,Swazi,False,2.5
PHL,Maguindanao,False,1.4
IDN,Bali,False,1.7
IND,Malajalam,False,3.6
IRN,Bakhtyari,False,1.7
CAN,Punjabi,False,0.7
KEN,Masai,False,1.6
CHN,Mongolian,False,0.4
COD,Boa,False,2.3
MOZ,Marendje,False,3.5
NGA,Ijo,False,1.8
SDN,Chilluk,False,1.7
TZA,Shambala,False,4.3
UGA,Acholi,False,4.4
RUS,Avarian,False,0.4
VNM,Man,False,0.7
USA,Korean,False,0.3
ZAF,Venda,False,2.2
PHL,Maranao,False,1.3
IND,Orija,False,3.3
IRN,Turkmenian,False,1.6
CAN,Ukrainian,False,0.6
KEN,Turkana,False,1.4
CHN,Tibetan,False,0.4
COD,Chokwe,False,1.8
MOZ,Nyanja,False,3.3
NGA,Bura,False,1.6
SDN,Lotuko,False,1.5
TZA,Gogo,False,3.9
UGA,Rwanda,False,3.2
RUS,Mari,False,0.4
USA,Vietnamese,False,0.2
ZAF,Ndebele,False,1.5
IND,Punjabi,False,2.8
CAN,Dutch,False,0.5
CHN,Puyi,False,0.2
TZA,Ha,False,3.5
RUS,Udmur,False,0.3
USA,Japanese,False,0.2
IND,Asami,False,1.5
CAN,Eskimo Languages,False,0.1
CHN,Dong,False,0.2
RUS,Belorussian,False,0.3
USA,Portuguese,False,0.2
